{"cameraMode":{"drawMode":0,"name":"Shaded","section":"Shading Mode"},"sceneLighting":true,"audioPlay":false,"sceneViewState":{"m_AlwaysRefresh":false,"showFog":true,"showSkybox":true,"showFlares":true,"showImageEffects":true,"showParticleSystems":true,"showVisualEffectGraphs":true,"m_FxEnabled":true},"in2DMode":false,"pivot":{"x":-0.10029792785644531,"y":1.0038948059082032,"z":-0.5033955574035645},"rotation":{"x":-0.0645020455121994,"y":0.9151885509490967,"z":-0.1625775843858719,"w":-0.36309847235679629},"size":5.060591697692871,"orthographic":false}